id,Label
0,4
1,3
2,3
3,6
4,6
5,1
6,5
7,1
8,0
9,2
10,1
11,1
12,7
13,3
14,1
15,5
16,5
17,8
18,1
19,9
20,0
21,3
22,3
23,3
24,9
25,6
26,6
27,8
28,9
29,7
30,2
31,3
32,3
33,7
34,1
35,7
36,7
37,8
38,0
39,1
40,9
41,4
42,1
43,4
44,2
45,1
46,7
47,5
48,8
49,0
50,6
51,0
52,4
53,3
54,4
55,5
56,2
57,2
58,4
59,4
60,9
61,3
62,4
63,7
64,8
65,8
66,4
67,4
68,3
69,7
70,7
71,7
72,3
73,9
74,6
75,0
76,4
77,7
78,4
79,3
80,2
81,7
82,3
83,8
84,9
85,1
86,7
87,5
88,8
89,8
90,0
91,5
92,0
93,8
94,4
95,0
96,1
97,5
98,4
99,4
100,4
101,4
102,5
103,1
104,6
105,8
106,8
107,8
108,1
109,3
110,7
111,5
112,9
113,1
114,6
115,8
116,4
117,3
118,6
119,6
120,8
121,8
122,0
123,9
124,9
125,7
126,7
127,7
128,6
129,7
130,3
131,3
132,9
133,4
134,3
135,2
136,5
137,4
138,3
139,4
140,0
141,1
142,2
143,7
144,3
145,0
146,3
147,0
148,5
149,5
150,9
151,1
152,5
153,8
154,9
155,5
156,4
157,1
158,9
159,8
160,3
161,6
162,3
163,7
164,4
165,8
166,3
167,4
168,3
169,5
170,3
171,2
172,2
173,8
174,1
175,7
176,8
177,3
178,2
179,5
180,9
181,9
182,3
183,1
184,9
185,4
186,3
187,5
188,8
189,4
190,2
191,2
192,4
193,3
194,9
195,8
196,7
197,1
198,2
199,9
200,8
201,6
202,5
203,5
204,1
205,3
206,0
207,7
208,3
209,0
210,0
211,5
212,3
213,8
214,6
215,4
216,9
217,3
218,8
219,0
220,5
221,7
222,8
223,0
224,2
225,1
226,4
227,7
228,9
229,4
230,1
231,3
232,2
233,4
234,2
235,0
236,7
237,5
238,9
239,5
240,4
241,7
242,9
243,4
244,3
245,7
246,9
247,7
248,9
249,8
250,9
251,8
252,3
253,3
254,2
255,1
256,1
257,7
258,4
259,4
260,9
261,8
262,5
263,3
264,5
265,7
266,0
267,1
268,4
269,9
270,5
271,2
272,9
273,3
274,8
275,7
276,9
277,4
278,9
279,8
280,0
281,0
282,7
283,4
284,1
285,2
286,0
287,0
288,4
289,3
290,2
291,6
292,0
293,6
294,2
295,6
296,9
297,2
298,3
299,1
300,4
301,4
302,7
303,4
304,3
305,6
306,3
307,4
308,6
309,2
310,0
311,7
312,1
313,8
314,6
315,2
316,0
317,8
318,8
319,1
320,2
321,0
322,3
323,4
324,0
325,6
326,1
327,8
328,9
329,6
330,0
331,6
332,9
333,4
334,5
335,1
336,9
337,3
338,0
339,3
340,9
341,2
342,5
343,7
344,9
345,3
346,7
347,6
348,0
349,9
350,9
351,5
352,5
353,1
354,2
355,6
356,2
357,2
358,0
359,4
360,4
361,9
362,4
363,8
364,2
365,2
366,3
367,0
368,5
369,6
370,8
371,2
372,0
373,1
374,8
375,2
376,9
377,3
378,5
379,6
380,4
381,2
382,2
383,3
384,0
385,0
386,3
387,0
388,1
389,6
390,4
391,2
392,8
393,7
394,7
395,2
396,2
397,0
398,2
399,9
400,7
401,5
402,1
403,0
404,5
405,1
406,3
407,6
408,8
409,1
410,8
411,3
412,8
413,8
414,1
415,0
416,0
417,3
418,3
419,1
420,9
421,3
422,1
423,5
424,1
425,2
426,3
427,0
428,6
429,8
430,4
431,6
432,0
433,8
434,0
435,9
436,7
437,4
438,5
439,2
440,7
441,0
442,5
443,3
444,0
445,6
446,2
447,0
448,9
449,4
450,5
451,3
452,0
453,0
454,3
455,9
456,6
457,8
458,3
459,5
460,1
461,1
462,9
463,8
464,9
465,7
466,6
467,7
468,8
469,0
470,1
471,7
472,3
473,2
474,3
475,1
476,1
477,6
478,2
479,7
480,5
481,6
482,0
483,1
484,9
485,8
486,2
487,2
488,6
489,1
490,5
491,0
492,8
493,4
494,6
495,6
496,5
497,2
498,7
499,0
500,5
501,7
502,1
503,8
504,3
505,0
506,0
507,2
508,4
509,6
510,7
511,7
512,0
513,4
514,7
515,4
516,0
517,9
518,2
519,1
520,4
521,8
522,0
523,3
524,1
525,0
526,2
527,8
528,8
529,4
530,6
531,1
532,6
533,8
534,8
535,1
536,2
537,9
538,6
539,3
540,1
541,9
542,2
543,0
544,6
545,1
546,0
547,3
548,4
549,2
550,7
551,0
552,7
553,6
554,6
555,3
556,1
557,6
558,9
559,1
560,1
561,2
562,8
563,0
564,3
565,7
566,1
567,9
568,0
569,9
570,8
571,8
572,7
573,7
574,4
575,1
576,1
577,2
578,6
579,9
580,7
581,3
582,9
583,0
584,3
585,1
586,1
587,7
588,7
589,2
590,3
591,9
592,8
593,8
594,8
595,1
596,8
597,9
598,5
599,8
600,4
601,3
602,5
603,9
604,8
605,0
606,0
607,4
608,4
609,1
610,4
611,8
612,7
613,9
614,7
615,1
616,8
617,0
618,4
619,5
620,3
621,1
622,4
623,2
624,0
625,0
626,7
627,7
628,7
629,3
630,2
631,3
632,2
633,8
634,9
635,0
636,6
637,6
638,7
639,7
640,2
641,0
642,6
643,7
644,8
645,0
646,4
647,8
648,5
649,2
650,5
651,3
652,5
653,3
654,1
655,3
656,0
657,4
658,0
659,6
660,9
661,0
662,7
663,1
664,2
665,5
666,2
667,1
668,4
669,8
670,1
671,1
672,4
673,8
674,3
675,9
676,3
677,9
678,2
679,7
680,7
681,5
682,6
683,6
684,3
685,6
686,0
687,7
688,7
689,4
690,6
691,7
692,5
693,9
694,7
695,2
696,0
697,3
698,5
699,8
700,0
701,3
702,2
703,9
704,6
705,5
706,4
707,0
708,9
709,5
710,0
711,2
712,7
713,5
714,7
715,6
716,8
717,5
718,2
719,1
720,7
721,7
722,6
723,5
724,1
725,9
726,9
727,0
728,6
729,0
730,6
731,5
732,8
733,9
734,5
735,4
736,8
737,4
738,1
739,9
740,2
741,2
742,3
743,0
744,4
745,9
746,6
747,1
748,6
749,2
750,9
751,8
752,8
753,4
754,9
755,4
756,4
757,7
758,9
759,7
760,2
761,9
762,8
763,1
764,3
765,7
766,8
767,2
768,0
769,8
770,5
771,9
772,7
773,2
774,0
775,7
776,0
777,9
778,6
779,9
780,1
781,7
782,9
783,2
784,8
785,3
786,2
787,6
788,7
789,4
790,0
791,0
792,7
793,5
794,1
795,0
796,5
797,7
798,7
799,3
800,7
801,7
802,4
803,7
804,8
805,3
806,0
807,8
808,1
809,7
810,8
811,2
812,7
813,5
814,1
815,7
816,1
817,1
818,2
819,5
820,0
821,3
822,6
823,0
824,4
825,2
826,2
827,3
828,1
829,6
830,3
831,8
832,7
833,6
834,4
835,0
836,9
837,0
838,8
839,4
840,8
841,3
842,6
843,6
844,2
845,0
846,1
847,6
848,7
849,5
850,4
851,4
852,1
853,5
854,1
855,2
856,7
857,1
858,1
859,7
860,4
861,9
862,8
863,7
864,1
865,0
866,7
867,7
868,4
869,1
870,9
871,2
872,7
873,4
874,2
875,7
876,8
877,6
878,4
879,2
880,9
881,7
882,0
883,1
884,9
885,3
886,6
887,6
888,2
889,0
890,5
891,7
892,0
893,5
894,2
895,5
896,8
897,6
898,8
899,4
900,1
901,3
902,0
903,5
904,2
905,8
906,9
907,2
908,3
909,0
910,3
911,4
912,3
913,9
914,1
915,4
916,3
917,2
918,7
919,6
920,0
921,2
922,6
923,0
924,9
925,1
926,4
927,8
928,0
929,8
930,7
931,0
932,4
933,8
934,3
935,4
936,5
937,4
938,0
939,5
940,3
941,3
942,4
943,9
944,2
945,6
946,5
947,3
948,1
949,4
950,7
951,3
952,9
953,0
954,5
955,4
956,6
957,3
958,2
959,4
960,3
961,7
962,8
963,3
964,0
965,4
966,3
967,9
968,6
969,0
970,8
971,5
972,3
973,4
974,1
975,2
976,8
977,6
978,0
979,3
980,7
981,8
982,4
983,8
984,9
985,8
986,6
987,8
988,2
989,3
990,2
991,6
992,2
993,9
994,8
995,7
996,5
997,6
998,7
999,4
1000,9
1001,2
1002,2
1003,9
1004,4
1005,2
1006,9
1007,9
1008,5
1009,4
1010,0
1011,9
1012,6
1013,6
1014,7
1015,8
1016,8
1017,1
1018,7
1019,9
1020,9
1021,9
1022,7
1023,8
1024,9
1025,1
1026,0
1027,3
1028,4
1029,8
1030,7
1031,7
1032,4
1033,8
1034,4
1035,5
1036,4
1037,0
1038,9
1039,3
1040,0
1041,2
1042,5
1043,0
1044,6
1045,2
1046,7
1047,9
1048,0
1049,2
1050,5
1051,9
1052,9
1053,5
1054,4
1055,1
1056,0
1057,1
1058,3
1059,7
1060,1
1061,8
1062,6
1063,9
1064,5
1065,2
1066,3
1067,5
1068,2
1069,4
1070,2
1071,8
1072,2
1073,7
1074,1
1075,9
1076,9
1077,4
1078,1
1079,1
1080,3
1081,9
1082,3
1083,9
1084,0
1085,7
1086,7
1087,3
1088,5
1089,3
1090,4
1091,4
1092,7
1093,2
1094,9
1095,8
1096,9
1097,5
1098,1
1099,4
1100,0
1101,6
1102,9
1103,6
1104,4
1105,6
1106,4
1107,8
1108,3
1109,1
1110,2
1111,2
1112,0
1113,9
1114,4
1115,7
1116,5
1117,1
1118,0
1119,1
1120,5
1121,2
1122,0
1123,3
1124,5
1125,6
1126,6
1127,5
1128,2
1129,5
1130,1
1131,6
1132,4
1133,3
1134,9
1135,0
1136,3
1137,6
1138,9
1139,6
1140,7
1141,1
1142,0
1143,6
1144,9
1145,4
1146,1
1147,9
1148,9
1149,7
1150,8
1151,1
1152,5
1153,9
1154,1
1155,9
1156,8
1157,2
1158,9
1159,4
1160,5
1161,2
1162,7
1163,3
1164,8
1165,8
1166,7
1167,7
1168,8
1169,4
1170,2
1171,1
1172,4
1173,7
1174,5
1175,8
1176,0
1177,8
1178,9
1179,6
1180,5
1181,5
1182,7
1183,5
1184,0
1185,6
1186,4
1187,7
1188,7
1189,9
1190,7
1191,5
1192,2
1193,0
1194,0
1195,9
1196,9
1197,1
1198,4
1199,3
1200,4
1201,9
1202,7
1203,0
1204,2
1205,7
1206,4
1207,2
1208,8
1209,1
1210,7
1211,2
1212,7
1213,2
1214,6
1215,2
1216,8
1217,7
1218,7
1219,3
1220,7
1221,4
1222,1
1223,8
1224,3
1225,0
1226,5
1227,1
1228,8
1229,3
1230,8
1231,9
1232,3
1233,9
1234,6
1235,6
1236,7
1237,8
1238,1
1239,4
1240,4
1241,6
1242,9
1243,1
1244,9
1245,1
1246,5
1247,9
1248,6
1249,3
1250,8
1251,9
1252,4
1253,7
1254,5
1255,5
1256,7
1257,0
1258,3
1259,5
1260,1
1261,4
1262,2
1263,7
1264,9
1265,6
1266,9
1267,0
1268,1
1269,4
1270,2
1271,2
1272,8
1273,7
1274,9
1275,4
1276,3
1277,9
1278,1
1279,5
1280,6
1281,1
1282,8
1283,2
1284,5
1285,6
1286,3
1287,5
1288,5
1289,2
1290,7
1291,3
1292,8
1293,3
1294,5
1295,9
1296,4
1297,8
1298,2
1299,3
1300,5
1301,0
1302,3
1303,3
1304,7
1305,4
1306,2
1307,3
1308,1
1309,7
1310,7
1311,3
1312,2
1313,7
1314,1
1315,8
1316,7
1317,0
1318,9
1319,9
1320,4
1321,3
1322,0
1323,7
1324,7
1325,5
1326,9
1327,7
1328,0
1329,9
1330,8
1331,9
1332,9
1333,0
1334,6
1335,9
1336,2
1337,9
1338,5
1339,3
1340,0
1341,3
1342,4
1343,4
1344,1
1345,2
1346,2
1347,6
1348,4
1349,8
1350,8
1351,7
1352,1
1353,7
1354,0
1355,9
1356,0
1357,1
1358,9
1359,4
1360,6
1361,6
1362,5
1363,7
1364,2
1365,2
1366,6
1367,0
1368,2
1369,7
1370,1
1371,8
1372,0
1373,0
1374,9
1375,6
1376,9
1377,3
1378,3
1379,7
1380,4
1381,0
1382,1
1383,6
1384,5
1385,3
1386,7
1387,9
1388,5
1389,2
1390,3
1391,5
1392,0
1393,6
1394,3
1395,2
1396,0
1397,4
1398,9
1399,9
1400,5
1401,7
1402,6
1403,0
1404,5
1405,0
1406,7
1407,7
1408,4
1409,2
1410,3
1411,3
1412,3
1413,0
1414,4
1415,5
1416,7
1417,4
1418,0
1419,9
1420,6
1421,5
1422,1
1423,9
1424,6
1425,1
1426,1
1427,0
1428,5
1429,9
1430,7
1431,0
1432,1
1433,8
1434,2
1435,7
1436,3
1437,2
1438,6
1439,0
1440,1
1441,0
1442,3
1443,3
1444,1
1445,8
1446,6
1447,5
1448,5
1449,3
1450,2
1451,5
1452,0
1453,1
1454,2
1455,3
1456,9
1457,5
1458,2
1459,5
1460,2
1461,5
1462,7
1463,5
1464,8
1465,1
1466,7
1467,1
1468,0
1469,8
1470,9
1471,3
1472,4
1473,4
1474,5
1475,1
1476,8
1477,6
1478,8
1479,2
1480,7
1481,0
1482,5
1483,7
1484,2
1485,8
1486,1
1487,4
1488,8
1489,1
1490,9
1491,0
1492,3
1493,8
1494,9
1495,8
1496,3
1497,5
1498,8
1499,9
1500,1
1501,3
1502,8
1503,2
1504,9
1505,1
1506,9
1507,3
1508,8
1509,9
1510,9
1511,3
1512,0
1513,9
1514,6
1515,2
1516,2
1517,9
1518,8
1519,5
1520,0
1521,2
1522,3
1523,5
1524,5
1525,3
1526,2
1527,3
1528,5
1529,6
1530,7
1531,0
1532,2
1533,7
1534,4
1535,1
1536,1
1537,1
1538,6
1539,0
1540,1
1541,1
1542,3
1543,2
1544,4
1545,3
1546,6
1547,4
1548,5
1549,1
1550,7
1551,4
1552,9
1553,9
1554,5
1555,0
1556,7
1557,0
1558,8
1559,0
1560,9
1561,8
1562,1
1563,4
1564,3
1565,1
1566,6
1567,5
1568,9
1569,2
1570,8
1571,0
1572,0
1573,7
1574,6
1575,0
1576,7
1577,5
1578,9
1579,8
1580,6
1581,8
1582,0
1583,6
1584,4
1585,4
1586,5
1587,3
1588,4
1589,1
1590,6
1591,8
1592,0
1593,6
1594,7
1595,8
1596,8
1597,1
1598,2
1599,1
1600,1
1601,4
1602,0
1603,0
1604,1
1605,7
1606,1
1607,7
1608,4
1609,8
1610,4
1611,0
1612,2
1613,4
1614,4
1615,0
1616,8
1617,6
1618,7
1619,0
1620,8
1621,8
1622,9
1623,3
1624,5
1625,4
1626,1
1627,1
1628,4
1629,1
1630,3
1631,0
1632,8
1633,2
1634,4
1635,1
1636,5
1637,3
1638,6
1639,0
1640,0
1641,1
1642,2
1643,2
1644,4
1645,7
1646,0
1647,7
1648,7
1649,9
1650,5
1651,3
1652,1
1653,7
1654,3
1655,9
1656,7
1657,7
1658,0
1659,5
1660,2
1661,5
1662,8
1663,7
1664,6
1665,9
1666,3
1667,9
1668,3
1669,4
1670,0
1671,3
1672,1
1673,6
1674,7
1675,4
1676,7
1677,6
1678,6
1679,2
1680,1
1681,0
1682,3
1683,0
1684,3
1685,6
1686,1
1687,9
1688,8
1689,3
1690,0
1691,9
1692,3
1693,9
1694,5
1695,7
1696,3
1697,1
1698,0
1699,1
1700,3
1701,8
1702,7
1703,4
1704,5
1705,3
1706,0
1707,2
1708,8
1709,5
1710,9
1711,3
1712,8
1713,6
1714,3
1715,5
1716,0
1717,3
1718,0
1719,0
1720,8
1721,1
1722,0
1723,8
1724,3
1725,3
1726,3
1727,1
1728,2
1729,5
1730,4
1731,0
1732,5
1733,2
1734,9
1735,5
1736,9
1737,3
1738,2
1739,4
1740,6
1741,5
1742,8
1743,8
1744,6
1745,5
1746,9
1747,5
1748,1
1749,0
1750,1
1751,7
1752,2
1753,3
1754,0
1755,1
1756,8
1757,4
1758,0
1759,0
1760,1
1761,2
1762,9
1763,0
1764,0
1765,0
1766,8
1767,6
1768,1
1769,3
1770,8
1771,4
1772,4
1773,9
1774,2
1775,2
1776,8
1777,3
1778,7
1779,7
1780,4
1781,5
1782,8
1783,3
1784,8
1785,0
1786,6
1787,8
1788,0
1789,6
1790,3
1791,1
1792,1
1793,7
1794,0
1795,9
1796,9
1797,3
1798,4
1799,8
1800,9
1801,3
1802,2
1803,8
1804,3
1805,4
1806,7
1807,7
1808,1
1809,7
1810,8
1811,7
1812,1
1813,9
1814,8
1815,0
1816,8
1817,7
1818,9
1819,6
1820,5
1821,0
1822,8
1823,1
1824,7
1825,4
1826,4
1827,7
1828,7
1829,2
1830,0
1831,3
1832,9
1833,9
1834,0
1835,2
1836,1
1837,1
1838,2
1839,7
1840,7
1841,7
1842,4
1843,4
1844,3
1845,3
1846,4
1847,4
1848,1
1849,3
1850,3
1851,8
1852,1
1853,8
1854,1
1855,6
1856,4
1857,4
1858,0
1859,1
1860,4
1861,7
1862,9
1863,2
1864,6
1865,3
1866,3
1867,8
1868,5
1869,0
1870,5
1871,5
1872,6
1873,3
1874,3
1875,0
1876,1
1877,3
1878,5
1879,7
1880,9
1881,5
1882,4
1883,7
1884,5
1885,1
1886,5
1887,8
1888,8
1889,5
1890,9
1891,0
1892,1
1893,8
1894,2
1895,9
1896,2
1897,2
1898,8
1899,4
1900,9
1901,4
1902,2
1903,3
1904,5
1905,4
1906,4
1907,5
1908,2
1909,5
1910,5
1911,3
1912,9
1913,1
1914,8
1915,9
1916,0
1917,3
1918,5
1919,6
1920,5
1921,1
1922,5
1923,8
1924,3
1925,1
1926,1
1927,0
1928,0
1929,0
1930,6
1931,4
1932,8
1933,4
1934,4
1935,3
1936,2
1937,3
1938,4
1939,2
1940,5
1941,2
1942,8
1943,4
1944,5
1945,3
1946,7
1947,2
1948,5
1949,0
1950,0
1951,7
1952,7
1953,7
1954,3
1955,4
1956,7
1957,7
1958,7
1959,4
1960,3
1961,0
1962,0
1963,7
1964,0
1965,9
1966,9
1967,5
1968,3
1969,2
1970,1
1971,1
1972,0
1973,1
1974,7
1975,6
1976,1
1977,0
1978,7
1979,6
1980,5
1981,7
1982,1
1983,9
1984,8
1985,4
1986,5
1987,6
1988,5
1989,8
1990,7
1991,4
1992,3
1993,5
1994,4
1995,5
1996,4
1997,7
1998,0
1999,7
2000,3
2001,0
2002,4
2003,7
2004,3
2005,1
2006,8
2007,2
2008,9
2009,7
2010,1
2011,9
2012,3
2013,3
2014,0
2015,4
2016,0
2017,3
2018,6
2019,9
2020,4
2021,8
2022,7
2023,0
2024,0
2025,1
2026,3
2027,5
2028,2
2029,4
2030,7
2031,2
2032,0
2033,1
2034,6
2035,9
2036,3
2037,9
2038,3
2039,3
2040,2
2041,4
2042,8
2043,2
2044,7
2045,6
2046,5
2047,9
2048,4
2049,8
2050,5
2051,6
2052,9
2053,7
2054,0
2055,6
2056,5
2057,1
2058,0
2059,4
2060,4
2061,3
2062,7
2063,4
2064,6
2065,3
2066,1
2067,5
2068,0
2069,2
2070,4
2071,3
2072,2
2073,0
2074,1
2075,8
2076,6
2077,0
2078,4
2079,9
2080,2
2081,7
2082,6
2083,5
2084,3
2085,1
2086,9
2087,7
2088,4
2089,7
2090,7
2091,6
2092,9
2093,5
2094,5
2095,1
2096,0
2097,4
2098,9
2099,8
2100,1
2101,8
2102,5
2103,1
2104,7
2105,9
2106,9
2107,6
2108,5
2109,8
2110,3
2111,4
2112,5
2113,8
2114,2
2115,5
2116,4
2117,6
2118,1
2119,6
2120,3
2121,7
2122,9
2123,4
2124,7
2125,8
2126,0
2127,9
2128,8
2129,4
2130,8
2131,4
2132,0
2133,5
2134,8
2135,3
2136,3
2137,9
2138,8
2139,0
2140,7
2141,0
2142,2
2143,4
2144,8
2145,5
2146,2
2147,7
2148,8
2149,5
2150,8
2151,1
2152,0
2153,1
2154,9
2155,3
2156,5
2157,5
2158,4
2159,7
2160,2
2161,4
2162,0
2163,8
2164,2
2165,2
2166,5
2167,1
2168,3
2169,9
2170,9
2171,2
2172,5
2173,9
2174,1
2175,3
2176,7
2177,2
2178,4
2179,5
2180,8
2181,4
2182,5
2183,2
2184,7
2185,2
2186,4
2187,0
2188,5
2189,1
2190,5
2191,8
2192,7
2193,7
2194,8
2195,9
2196,0
2197,0
2198,3
2199,0
2200,6
2201,0
2202,7
2203,2
2204,2
2205,4
2206,5
2207,3
2208,8
2209,8
2210,7
2211,0
2212,7
2213,4
2214,2
2215,3
2216,1
2217,1
2218,1
2219,1
2220,8
2221,6
2222,3
2223,6
2224,2
2225,2
2226,5
2227,8
2228,5
2229,2
2230,4
2231,2
2232,4
2233,8
2234,5
2235,9
2236,1
2237,4
2238,9
2239,7
2240,0
2241,1
2242,1
2243,3
2244,7
2245,2
2246,8
2247,0
2248,8
2249,4
2250,5
2251,1
2252,5
2253,5
2254,1
2255,2
2256,3
2257,8
2258,2
2259,9
2260,5
2261,4
2262,2
2263,4
2264,1
2265,7
2266,1
2267,2
2268,7
2269,0
2270,8
2271,8
2272,0
2273,8
2274,8
2275,7
2276,2
2277,7
2278,9
2279,8
2280,8
2281,2
2282,4
2283,1
2284,8
2285,6
2286,2
2287,8
2288,3
2289,2
2290,9
2291,6
2292,9
2293,4
2294,2
2295,5
2296,3
2297,8
2298,3
2299,7
2300,0
2301,5
2302,0
2303,0
2304,7
2305,0
2306,7
2307,7
2308,5
2309,5
2310,4
2311,0
2312,8
2313,8
2314,6
2315,1
2316,6
2317,8
2318,2
2319,3
2320,9
2321,6
2322,5
2323,2
2324,4
2325,0
2326,4
2327,4
2328,1
2329,8
2330,5
2331,7
2332,5
2333,1
2334,7
2335,3
2336,4
2337,9
2338,3
2339,1
2340,5
2341,9
2342,9
2343,2
2344,7
2345,0
2346,1
2347,3
2348,1
2349,5
2350,5
2351,7
2352,3
2353,4
2354,8
2355,6
2356,5
2357,2
2358,1
2359,7
2360,1
2361,5
2362,0
2363,3
2364,1
2365,0
2366,9
2367,6
2368,4
2369,8
2370,1
2371,7
2372,8
2373,4
2374,9
2375,0
2376,6
2377,9
2378,2
2379,9
2380,3
2381,3
2382,2
2383,4
2384,6
2385,3
2386,2
2387,1
2388,1
2389,8
2390,7
2391,1
2392,3
2393,1
2394,3
2395,4
2396,0
2397,2
2398,0
2399,4
2400,7
2401,3
2402,7
2403,3
2404,7
2405,1
2406,0
2407,8
2408,5
2409,1
2410,7
2411,5
2412,8
2413,1
2414,7
2415,6
2416,0
2417,5
2418,0
2419,3
2420,4
2421,0
2422,9
2423,4
2424,4
2425,9
2426,2
2427,0
2428,4
2429,5
2430,9
2431,5
2432,1
2433,5
2434,9
2435,8
2436,7
2437,0
2438,9
2439,1
2440,0
2441,0
2442,5
2443,3
2444,7
2445,1
2446,1
2447,2
2448,1
2449,6
2450,6
2451,5
2452,2
2453,5
2454,5
2455,2
2456,4
2457,3
2458,8
2459,4
2460,3
2461,7
2462,2
2463,5
2464,8
2465,7
2466,5
2467,2
2468,4
2469,9
2470,3
2471,6
2472,7
2473,0
2474,6
2475,9
2476,3
2477,7
2478,7
2479,9
2480,9
2481,2
2482,0
2483,5
2484,8
2485,5
2486,3
2487,7
2488,0
2489,1
2490,3
2491,5
2492,3
2493,3
2494,9
2495,1
2496,7
2497,4
2498,9
2499,3
2500,7
2501,8
2502,3
2503,0
2504,5
2505,9
2506,8
2507,3
2508,9
2509,7
2510,7
2511,4
2512,4
2513,0
2514,1
2515,9
2516,7
2517,0
2518,7
2519,3
2520,7
2521,1
2522,3
2523,4
2524,1
2525,0
2526,7
2527,7
2528,9
2529,4
2530,8
2531,7
2532,3
2533,3
2534,0
2535,6
2536,9
2537,0
2538,0
2539,5
2540,6
2541,5
2542,3
2543,7
2544,5
2545,4
2546,0
2547,3
2548,9
2549,8
2550,1
2551,2
2552,3
2553,1
2554,4
2555,7
2556,3
2557,0
2558,0
2559,1
2560,4
2561,7
2562,6
2563,9
2564,4
2565,5
2566,8
2567,3
2568,5
2569,2
2570,2
2571,3
2572,6
2573,1
2574,3
2575,0
2576,4
2577,2
2578,7
2579,1
2580,1
2581,1
2582,0
2583,8
2584,7
2585,4
2586,2
2587,1
2588,1
2589,5
2590,8
2591,1
2592,6
2593,9
2594,0
2595,7
2596,7
2597,9
2598,0
2599,2
2600,9
2601,0
2602,2
2603,0
2604,8
2605,6
2606,1
2607,2
2608,9
2609,0
2610,5
2611,2
2612,4
2613,7
2614,0
2615,0
2616,2
2617,4
2618,3
2619,3
2620,3
2621,1
2622,6
2623,6
2624,0
2625,5
2626,7
2627,8
2628,3
2629,7
2630,8
2631,9
2632,9
2633,6
2634,5
2635,1
2636,6
2637,5
2638,1
2639,0
2640,7
2641,3
2642,6
2643,8
2644,5
2645,9
2646,6
2647,4
2648,3
2649,0
2650,2
2651,0
2652,0
2653,5
2654,7
2655,8
2656,3
2657,1
2658,1
2659,9
2660,0
2661,2
2662,0
2663,6
2664,7
2665,9
2666,2
2667,0
2668,0
2669,7
2670,1
2671,8
2672,1
2673,2
2674,0
2675,1
2676,4
2677,9
2678,3
2679,9
2680,7
2681,3
2682,3
2683,4
2684,1
2685,9
2686,5
2687,5
2688,1
2689,3
2690,1
2691,9
2692,1
2693,7
2694,8
2695,1
2696,9
2697,3
2698,9
2699,5
2700,7
2701,4
2702,9
2703,3
2704,7
2705,3
2706,9
2707,3
2708,7
2709,5
2710,8
2711,2
2712,6
2713,2
2714,3
2715,9
2716,0
2717,1
2718,1
2719,7
2720,8
2721,1
2722,0
2723,1
2724,4
2725,3
2726,3
2727,3
2728,7
2729,2
2730,0
2731,4
2732,8
2733,0
2734,0
2735,4
2736,6
2737,8
2738,9
2739,2
2740,2
2741,8
2742,9
2743,4
2744,1
2745,3
2746,9
2747,1
2748,4
2749,0
2750,7
2751,3
2752,4
2753,0
2754,5
2755,8
2756,1
2757,1
2758,0
2759,7
2760,3
2761,7
2762,4
2763,7
2764,9
2765,3
2766,3
2767,1
2768,8
2769,6
2770,2
2771,0
2772,7
2773,8
2774,2
2775,1
2776,0
2777,1
2778,5
2779,5
2780,7
2781,4
2782,3
2783,3
2784,4
2785,0
2786,0
2787,0
2788,5
2789,4
2790,0
2791,6
2792,4
2793,6
2794,4
2795,4
2796,7
2797,9
2798,4
2799,5
2800,3
2801,4
2802,0
2803,2
2804,5
2805,6
2806,0
2807,9
2808,5
2809,4
2810,0
2811,9
2812,4
2813,4
2814,3
2815,3
2816,3
2817,6
2818,6
2819,0
2820,2
2821,0
2822,8
2823,4
2824,2
2825,0
2826,5
2827,0
2828,8
2829,3
2830,7
2831,8
2832,0
2833,4
2834,0
2835,3
2836,5
2837,8
2838,4
2839,9
2840,0
2841,5
2842,7
2843,1
2844,5
2845,8
2846,1
2847,1
2848,6
2849,0
2850,2
2851,7
2852,3
2853,4
2854,8
2855,5
2856,0
2857,0
2858,0
2859,2
2860,3
2861,2
2862,1
2863,5
2864,7
2865,9
2866,4
2867,1
2868,3
2869,7
2870,9
2871,3
2872,9
2873,3
2874,0
2875,4
2876,1
2877,1
2878,2
2879,5
2880,6
2881,9
2882,3
2883,6
2884,4
2885,2
2886,9
2887,9
2888,8
2889,7
2890,0
2891,0
2892,2
2893,2
2894,7
2895,5
2896,8
2897,4
2898,1
2899,0
2900,0
2901,7
2902,6
2903,9
2904,2
2905,1
2906,5
2907,5
2908,5
2909,0
2910,8
2911,4
2912,8
2913,2
2914,3
2915,5
2916,9
2917,8
2918,5
2919,4
2920,9
2921,4
2922,8
2923,2
2924,0
2925,0
2926,9
2927,8
2928,0
2929,7
2930,8
2931,5
2932,9
2933,3
2934,8
2935,1
2936,9
2937,0
2938,3
2939,9
2940,0
2941,9
2942,0
2943,4
2944,7
2945,6
2946,9
2947,8
2948,4
2949,0
2950,9
2951,8
2952,4
2953,9
2954,1
2955,9
2956,3
2957,0
2958,4
2959,7
2960,9
2961,9
2962,0
2963,3
2964,4
2965,8
2966,5
2967,9
2968,7
2969,3
2970,9
2971,2
2972,2
2973,9
2974,5
2975,8
2976,0
2977,8
2978,7
2979,2
2980,8
2981,2
2982,3
2983,2
2984,4
2985,3
2986,9
2987,2
2988,0
2989,8
2990,4
2991,3
2992,4
2993,8
2994,3
2995,2
2996,7
2997,4
2998,7
2999,4
3000,8
3001,7
3002,3
3003,0
3004,0
3005,4
3006,5
3007,9
3008,9
3009,5
3010,4
3011,5
3012,0
3013,1
3014,3
3015,8
3016,4
3017,2
3018,4
3019,8
3020,9
3021,4
3022,3
3023,3
3024,0
3025,6
3026,1
3027,5
3028,4
3029,8
3030,1
3031,9
3032,4
3033,4
3034,8
3035,6
3036,8
3037,8
3038,1
3039,8
3040,1
3041,5
3042,7
3043,5
3044,0
3045,4
3046,0
3047,0
3048,2
3049,1
3050,1
3051,0
3052,3
3053,3
3054,8
3055,1
3056,8
3057,4
3058,2
3059,7
3060,4
3061,8
3062,0
3063,6
3064,9
3065,6
3066,2
3067,1
3068,3
3069,8
3070,6
3071,4
3072,8
3073,5
3074,8
3075,9
3076,8
3077,8
3078,8
3079,9
3080,9
3081,8
3082,2
3083,1
3084,7
3085,8
3086,2
3087,6
3088,6
3089,8
3090,2
3091,4
3092,2
3093,7
3094,4
3095,2
3096,0
3097,3
3098,2
3099,5
3100,3
3101,4
3102,9
3103,4
3104,7
3105,4
3106,7
3107,5
3108,3
3109,8
3110,5
3111,7
3112,2
3113,9
3114,6
3115,7
3116,7
3117,9
3118,0
3119,5
3120,3
3121,6
3122,5
3123,9
3124,9
3125,4
3126,6
3127,4
3128,9
3129,7
3130,8
3131,1
3132,3
3133,7
3134,0
3135,7
3136,8
3137,8
3138,9
3139,8
3140,3
3141,0
3142,1
3143,6
3144,8
3145,5
3146,5
3147,6
3148,4
3149,4
3150,4
3151,8
3152,0
3153,7
3154,1
3155,2
3156,7
3157,4
3158,5
3159,4
3160,3
3161,0
3162,7
3163,3
3164,1
3165,9
3166,3
3167,3
3168,2
3169,5
3170,9
3171,1
3172,4
3173,6
3174,7
3175,0
3176,3
3177,5
3178,7
3179,9
3180,4
3181,8
3182,5
3183,9
3184,6
3185,9
3186,4
3187,6
3188,5
3189,5
3190,9
3191,7
3192,8
3193,0
3194,0
3195,7
3196,4
3197,4
3198,5
3199,7
3200,5
3201,9
3202,6
3203,4
3204,5
3205,9
3206,2
3207,4
3208,7
3209,3
3210,4
3211,5
3212,1
3213,6
3214,7
3215,6
3216,9
3217,4
3218,4
3219,3
3220,1
3221,7
3222,7
3223,1
3224,7
3225,5
3226,0
3227,0
3228,9
3229,9
3230,9
3231,5
3232,5
3233,1
3234,6
3235,0
3236,2
3237,4
3238,3
3239,8
3240,8
3241,2
3242,6
3243,1
3244,1
3245,0
3246,6
3247,2
3248,9
3249,5
3250,0
3251,0
3252,0
3253,1
3254,8
3255,3
3256,7
3257,4
3258,8
3259,2
3260,3
3261,5
3262,3
3263,5
3264,5
3265,4
3266,6
3267,7
3268,4
3269,0
3270,7
3271,5
3272,6
3273,2
3274,7
3275,7
3276,4
3277,6
3278,0
3279,2
3280,4
3281,2
3282,0
3283,5
3284,6
3285,5
3286,9
3287,7
3288,9
3289,3
3290,8
3291,5
3292,5
3293,3
3294,4
3295,4
3296,0
3297,1
3298,4
3299,2
3300,0
3301,3
3302,1
3303,4
3304,2
3305,7
3306,1
3307,1
3308,6
3309,5
3310,9
3311,5
3312,8
3313,5
3314,1
3315,5
3316,4
3317,5
3318,6
3319,9
3320,8
3321,4
3322,1
3323,0
3324,0
3325,2
3326,3
3327,0
3328,0
3329,0
3330,6
3331,1
3332,5
3333,0
3334,8
3335,5
3336,6
3337,8
3338,2
3339,5
3340,5
3341,3
3342,2
3343,8
3344,9
3345,4
3346,9
3347,2
3348,6
3349,2
3350,3
3351,1
3352,1
3353,6
3354,6
3355,8
3356,1
3357,0
3358,1
3359,4
3360,1
3361,1
3362,7
3363,4
3364,0
3365,6
3366,7
3367,3
3368,5
3369,4
3370,1
3371,8
3372,5
3373,2
3374,8
3375,0
3376,5
3377,4
3378,1
3379,0
3380,4
3381,7
3382,3
3383,7
3384,2
3385,0
3386,7
3387,2
3388,9
3389,5
3390,0
3391,2
3392,7
3393,4
3394,9
3395,7
3396,6
3397,9
3398,5
3399,5
3400,1
3401,0
3402,9
3403,2
3404,5
3405,2
3406,1
3407,9
3408,3
3409,0
3410,0
3411,1
3412,7
3413,8
3414,3
3415,3
3416,4
3417,0
3418,3
3419,5
3420,0
3421,6
3422,4
3423,1
3424,4
3425,3
3426,5
3427,7
3428,8
3429,9
3430,9
3431,4
3432,4
3433,2
3434,2
3435,7
3436,2
3437,1
3438,6
3439,0
3440,5
3441,9
3442,0
3443,7
3444,0
3445,1
3446,4
3447,4
3448,8
3449,9
3450,0
3451,0
3452,6
3453,6
3454,7
3455,2
3456,5
3457,8
3458,2
3459,4
3460,2
3461,5
3462,1
3463,3
3464,8
3465,7
3466,0
3467,0
3468,7
3469,0
3470,2
3471,4
3472,7
3473,4
3474,6
3475,5
3476,1
3477,6
3478,2
3479,8
3480,8
3481,9
3482,4
3483,8
3484,4
3485,5
3486,6
3487,8
3488,6
3489,3
3490,0
3491,9
3492,0
3493,0
3494,6
3495,2
3496,1
3497,9
3498,1
3499,3
3500,1
3501,8
3502,5
3503,4
3504,4
3505,9
3506,9
3507,2
3508,8
3509,1
3510,0
3511,7
3512,5
3513,3
3514,7
3515,4
3516,4
3517,9
3518,5
3519,9
3520,6
3521,6
3522,7
3523,0
3524,2
3525,3
3526,7
3527,3
3528,3
3529,4
3530,9
3531,7
3532,4
3533,1
3534,4
3535,6
3536,0
3537,3
3538,0
3539,7
3540,4
3541,5
3542,3
3543,2
3544,0
3545,1
3546,5
3547,7
3548,5
3549,5
3550,0
3551,4
3552,5
3553,0
3554,2
3555,3
3556,7
3557,2
3558,0
3559,7
3560,2
3561,4
3562,6
3563,7
3564,7
3565,7
3566,9
3567,5
3568,9
3569,4
3570,8
3571,9
3572,9
3573,8
3574,9
3575,4
3576,7
3577,3
3578,1
3579,3
3580,0
3581,7
3582,9
3583,8
3584,5
3585,7
3586,3
3587,1
3588,7
3589,4
3590,8
3591,0
3592,4
3593,9
3594,4
3595,0
3596,2
3597,2
3598,8
3599,7
3600,1
3601,0
3602,8
3603,1
3604,5
3605,6
3606,4
3607,7
3608,2
3609,0
3610,5
3611,3
3612,8
3613,2
3614,0
3615,4
3616,4
3617,4
3618,9
3619,6
3620,4
3621,2
3622,2
3623,1
3624,6
3625,2
3626,2
3627,0
3628,5
3629,4
3630,8
3631,6
3632,0
3633,3
3634,0
3635,9
3636,0
3637,1
3638,4
3639,0
3640,1
3641,0
3642,7
3643,8
3644,1
3645,2
3646,3
3647,4
3648,6
3649,8
3650,7
3651,7
3652,1
3653,3
3654,1
3655,2
3656,5
3657,2
3658,4
3659,9
3660,4
3661,8
3662,4
3663,0
3664,2
3665,9
3666,4
3667,4
3668,0
3669,4
3670,6
3671,0
3672,4
3673,9
3674,5
3675,8
3676,5
3677,4
3678,4
3679,4
3680,5
3681,7
3682,7
3683,9
3684,2
3685,8
3686,1
3687,2
3688,0
3689,6
3690,8
3691,5
3692,0
3693,6
3694,7
3695,1
3696,8
3697,3
3698,5
3699,0
3700,6
3701,5
3702,8
3703,2
3704,8
3705,0
3706,4
3707,6
3708,3
3709,7
3710,8
3711,2
3712,4
3713,6
3714,4
3715,4
3716,2
3717,2
3718,4
3719,8
3720,9
3721,1
3722,2
3723,0
3724,3
3725,0
3726,0
3727,2
3728,4
3729,9
3730,3
3731,0
3732,5
3733,1
3734,8
3735,1
3736,5
3737,8
3738,6
3739,6
3740,2
3741,4
3742,2
3743,4
3744,1
3745,3
3746,0
3747,8
3748,7
3749,3
3750,8
3751,7
3752,9
3753,8
3754,6
3755,9
3756,7
3757,3
3758,2
3759,4
3760,2
3761,9
3762,1
3763,3
3764,0
3765,7
3766,4
3767,0
3768,1
3769,1
3770,8
3771,0
3772,2
3773,1
3774,4
3775,9
3776,1
3777,4
3778,5
3779,5
3780,1
3781,4
3782,2
3783,0
3784,2
3785,1
3786,1
3787,8
3788,4
3789,0
3790,9
3791,8
3792,2
3793,7
3794,7
3795,3
3796,3
3797,8
3798,4
3799,2
3800,4
3801,4
3802,4
3803,4
3804,6
3805,8
3806,2
3807,9
3808,5
3809,1
3810,4
3811,2
3812,2
3813,3
3814,7
3815,2
3816,0
3817,7
3818,9
3819,0
3820,9
3821,0
3822,5
3823,7
3824,2
3825,6
3826,4
3827,6
3828,1
3829,7
3830,7
3831,9
3832,5
3833,9
3834,3
3835,7
3836,4
3837,8
3838,4
3839,5
3840,4
3841,0
3842,0
3843,7
3844,0
3845,9
3846,6
3847,7
3848,8
3849,2
3850,3
3851,8
3852,1
3853,4
3854,5
3855,3
3856,1
3857,0
3858,7
3859,8
3860,0
3861,7
3862,9
3863,0
3864,5
3865,5
3866,2
3867,8
3868,6
3869,7
3870,8
3871,1
3872,9
3873,4
3874,3
3875,3
3876,6
3877,0
3878,3
3879,9
3880,8
3881,0
3882,9
3883,8
3884,8
3885,7
3886,3
3887,3
3888,9
3889,5
3890,7
3891,6
3892,0
3893,7
3894,5
3895,0
3896,3
3897,3
3898,2
3899,2
3900,2
3901,3
3902,5
3903,2
3904,9
3905,3
3906,1
3907,8
3908,0
3909,1
3910,5
3911,8
3912,9
3913,4
3914,4
3915,0
3916,4
3917,8
3918,8
3919,8
3920,8
3921,3
3922,3
3923,3
3924,3
3925,8
3926,2
3927,1
3928,4
3929,5
3930,4
3931,0
3932,7
3933,4
3934,6
3935,0
3936,0
3937,7
3938,9
3939,0
3940,7
3941,9
3942,3
3943,4
3944,3
3945,3
3946,2
3947,6
3948,4
3949,5
3950,9
3951,9
3952,7
3953,0
3954,9
3955,8
3956,0
3957,2
3958,8
3959,7
3960,8
3961,0
3962,0
3963,5
3964,3
3965,5
3966,7
3967,9
3968,9
3969,9
3970,1
3971,7
3972,0
3973,8
3974,0
3975,8
3976,7
3977,5
3978,3
3979,7
3980,0
3981,3
3982,2
3983,8
3984,8
3985,3
3986,2
3987,3
3988,2
3989,9
3990,6
3991,9
3992,5
3993,0
3994,6
3995,4
3996,4
3997,5
3998,7
3999,4
4000,6
4001,7
4002,0
4003,5
4004,8
4005,7
4006,6
4007,9
4008,6
4009,9
4010,7
4011,1
4012,1
4013,8
4014,8
4015,8
4016,7
4017,3
4018,0
4019,5
4020,6
4021,3
4022,3
4023,7
4024,1
4025,4
4026,2
4027,8
4028,0
4029,4
4030,9
4031,3
4032,5
4033,0
4034,5
4035,4
4036,9
4037,7
4038,4
4039,2
4040,5
4041,0
4042,2
4043,4
4044,0
4045,2
4046,8
4047,2
4048,6
4049,0
4050,1
4051,5
4052,3
4053,8
4054,3
4055,9
4056,3
4057,8
4058,4
4059,4
4060,8
4061,0
4062,2
4063,3
4064,8
4065,4
4066,5
4067,7
4068,7
4069,8
4070,9
4071,0
4072,6
4073,7
4074,3
4075,2
4076,9
4077,4
4078,1
4079,1
4080,0
4081,4
4082,9
4083,0
4084,5
4085,1
4086,3
4087,2
4088,2
4089,4
4090,5
4091,8
4092,1
4093,4
4094,5
4095,2
4096,3
4097,5
4098,1
4099,3
4100,7
4101,0
4102,9
4103,0
4104,7
4105,7
4106,6
4107,8
4108,9
4109,8
4110,2
4111,3
4112,4
4113,7
4114,2
4115,1
4116,4
4117,3
4118,5
4119,4
4120,3
4121,0
4122,7
4123,2
4124,2
4125,3
4126,3
4127,9
4128,8
4129,2
4130,5
4131,0
4132,3
4133,0
4134,2
4135,3
4136,6
4137,9
4138,5
4139,1
4140,3
4141,8
4142,0
4143,7
4144,3
4145,0
4146,3
4147,3
4148,9
4149,1
4150,6
4151,6
4152,7
4153,5
4154,4
4155,2
4156,3
4157,0
4158,4
4159,0
4160,8
4161,0
4162,0
4163,1
4164,0
4165,7
4166,7
4167,0
4168,2
4169,3
4170,9
4171,4
4172,3
4173,5
4174,1
4175,5
4176,3
4177,6
4178,6
4179,0
4180,6
4181,3
4182,2
4183,7
4184,5
4185,3
4186,5
4187,3
4188,1
4189,3
4190,9
4191,6
4192,0
4193,5
4194,7
4195,4
4196,7
4197,4
4198,9
4199,5
4200,1
4201,5
4202,6
4203,5
4204,6
4205,4
4206,5
4207,5
4208,1
4209,8
4210,7
4211,3
4212,9
4213,3
4214,7
4215,9
4216,9
4217,5
4218,3
4219,3
4220,4
4221,7
4222,8
4223,8
4224,1
4225,4
4226,1
4227,9
4228,0
4229,2
4230,9
4231,7
4232,1
4233,3
4234,4
4235,3
4236,6
4237,3
4238,9
4239,2
4240,7
4241,3
4242,8
4243,5
4244,4
4245,3
4246,1
4247,4
4248,4
4249,2
4250,3
4251,6
4252,0
4253,1
4254,7
4255,2
4256,2
4257,2
4258,7
4259,4
4260,6
4261,9
4262,3
4263,8
4264,8
4265,6
4266,7
4267,6
4268,1
4269,4
4270,2
4271,7
4272,1
4273,0
4274,7
4275,6
4276,8
4277,1
4278,9
4279,4
4280,7
4281,5
4282,2
4283,5
4284,3
4285,0
4286,1
4287,2
4288,4
4289,9
4290,1
4291,9
4292,3
4293,9
4294,4
4295,9
4296,9
4297,8
4298,7
4299,7
4300,1
4301,4
4302,7
4303,3
4304,3
4305,2
4306,0
4307,1
4308,4
4309,7
4310,1
4311,1
4312,7
4313,0
4314,6
4315,3
4316,3
4317,5
4318,7
4319,2
4320,3
4321,4
4322,6
4323,4
4324,0
4325,1
4326,4
4327,3
4328,0
4329,5
4330,4
4331,3
4332,9
4333,7
4334,8
4335,0
4336,8
4337,2
4338,4
4339,6
4340,3
4341,2
4342,5
4343,7
4344,7
4345,3
4346,1
4347,6
4348,7
4349,8
4350,7
4351,5
4352,7
4353,0
4354,9
4355,2
4356,3
4357,9
4358,1
4359,6
4360,5
4361,3
4362,8
4363,4
4364,6
4365,9
4366,2
4367,9
4368,4
4369,1
4370,3
4371,8
4372,3
4373,6
4374,9
4375,1
4376,3
4377,4
4378,1
4379,9
4380,4
4381,0
4382,4
4383,7
4384,0
4385,6
4386,8
4387,9
4388,7
4389,5
4390,1
4391,6
4392,4
4393,1
4394,7
4395,1
4396,4
4397,8
4398,8
4399,0
4400,4
4401,4
4402,8
4403,4
4404,3
4405,9
4406,9
4407,3
4408,0
4409,1
4410,8
4411,1
4412,5
4413,0
4414,0
4415,3
4416,3
4417,5
4418,1
4419,9
4420,3
4421,4
4422,2
4423,0
4424,1
4425,4
4426,9
4427,7
4428,5
4429,2
4430,3
4431,5
4432,3
4433,0
4434,7
4435,0
4436,4
4437,2
4438,9
4439,7
4440,8
4441,8
4442,1
4443,6
4444,0
4445,3
4446,8
4447,8
4448,0
4449,1
4450,0
4451,4
4452,1
4453,1
4454,0
4455,3
4456,0
4457,1
4458,7
4459,9
4460,6
4461,9
4462,0
4463,0
4464,5
4465,1
4466,8
4467,9
4468,2
4469,5
4470,2
4471,6
4472,0
4473,8
4474,4
4475,8
4476,2
4477,9
4478,7
4479,8
4480,7
4481,4
4482,6
4483,4
4484,3
4485,4
4486,8
4487,2
4488,1
4489,3
4490,0
4491,3
4492,6
4493,2
4494,8
4495,0
4496,5
4497,0
4498,8
4499,6
4500,7
4501,0
4502,8
4503,8
4504,5
4505,7
4506,9
4507,5
4508,1
4509,0
4510,4
4511,7
4512,4
4513,9
4514,8
4515,8
4516,3
4517,0
4518,4
4519,5
4520,9
4521,8
4522,9
4523,4
4524,4
4525,6
4526,9
4527,0
4528,4
4529,8
4530,2
4531,6
4532,9
4533,6
4534,4
4535,6
4536,3
4537,2
4538,9
4539,9
4540,0
4541,4
4542,4
4543,4
4544,1
4545,7
4546,1
4547,0
4548,4
4549,6
4550,9
4551,0
4552,4
4553,3
4554,6
4555,4
4556,0
4557,9
4558,6
4559,8
4560,0
4561,9
4562,1
4563,1
4564,3
4565,3
4566,6
4567,0
4568,0
4569,5
4570,8
4571,4
4572,6
4573,4
4574,1
4575,5
4576,0
4577,1
4578,7
4579,0
4580,4
4581,9
4582,8
4583,0
4584,4
4585,9
4586,2
4587,4
4588,1
4589,9
4590,7
4591,1
4592,3
4593,3
4594,2
4595,6
4596,8
4597,8
4598,7
4599,8
4600,8
4601,3
4602,3
4603,6
4604,4
4605,9
4606,0
4607,4
4608,4
4609,6
4610,9
4611,8
4612,4
4613,7
4614,2
4615,8
4616,9
4617,6
4618,5
4619,2
4620,9
4621,4
4622,8
4623,9
4624,6
4625,1
4626,0
4627,0
4628,2
4629,2
4630,0
4631,7
4632,5
4633,8
4634,4
4635,0
4636,3
4637,7
4638,8
4639,9
4640,4
4641,8
4642,9
4643,4
4644,3
4645,3
4646,6
4647,1
4648,6
4649,3
4650,7
4651,3
4652,7
4653,0
4654,0
4655,8
4656,8
4657,5
4658,0
4659,1
4660,8
4661,8
4662,8
4663,0
4664,9
4665,3
4666,7
4667,4
4668,2
4669,9
4670,0
4671,7
4672,3
4673,5
4674,8
4675,1
4676,8
4677,6
4678,0
4679,3
4680,6
4681,1
4682,3
4683,1
4684,7
4685,9
4686,9
4687,1
4688,6
4689,0
4690,2
4691,9
4692,3
4693,8
4694,0
4695,7
4696,4
4697,8
4698,8
4699,2
4700,8
4701,7
4702,8
4703,6
4704,4
4705,3
4706,1
4707,4
4708,1
4709,5
4710,2
4711,4
4712,6
4713,9
4714,3
4715,0
4716,9
4717,8
4718,0
4719,0
4720,3
4721,5
4722,5
4723,7
4724,8
4725,0
4726,0
4727,0
4728,8
4729,0
4730,4
4731,6
4732,2
4733,9
4734,3
4735,2
4736,6
4737,1
4738,5
4739,2
4740,8
4741,9
4742,9
4743,4
4744,7
4745,4
4746,4
4747,6
4748,3
4749,4
4750,2
4751,7
4752,1
4753,7
4754,9
4755,4
4756,3
4757,9
4758,4
4759,2
4760,4
4761,8
4762,8
4763,3
4764,4
4765,0
4766,7
4767,8
4768,0
4769,9
4770,3
4771,2
4772,6
4773,9
4774,5
4775,9
4776,2
4777,9
4778,0
4779,4
4780,5
4781,6
4782,2
4783,1
4784,8
4785,3
4786,8
4787,4
4788,5
4789,8
4790,2
4791,2
4792,7
4793,8
4794,4
4795,2
4796,5
4797,2
4798,8
4799,9
4800,6
4801,4
4802,7
4803,6
4804,2
4805,8
4806,6
4807,4
4808,9
4809,8
4810,5
4811,0
4812,0
4813,0
4814,4
4815,3
4816,5
4817,9
4818,5
4819,3
4820,1
4821,2
4822,5
4823,2
4824,1
4825,3
4826,2
4827,9
4828,8
4829,0
4830,0
4831,6
4832,7
4833,7
4834,4
4835,9
4836,7
4837,6
4838,3
4839,9
4840,5
4841,6
4842,9
4843,6
4844,4
4845,9
4846,7
4847,4
4848,8
4849,9
4850,2
4851,1
4852,6
4853,3
4854,5
4855,6
4856,6
4857,4
4858,0
4859,1
4860,4
4861,4
4862,9
4863,8
4864,0
4865,9
4866,5
4867,4
4868,5
4869,5
4870,0
4871,5
4872,1
4873,9
4874,4
4875,4
4876,4
4877,1
4878,0
4879,3
4880,2
4881,9
4882,1
4883,2
4884,2
4885,8
4886,4
4887,8
4888,6
4889,0
4890,7
4891,9
4892,8
4893,0
4894,6
4895,9
4896,2
4897,8
4898,5
4899,8
4900,4
4901,9
4902,3
4903,6
4904,4
4905,1
4906,5
4907,7
4908,9
4909,7
4910,4
4911,8
4912,7
4913,5
4914,6
4915,5
4916,9
4917,9
4918,4
4919,2
4920,3
4921,8
4922,7
4923,5
4924,8
4925,3
4926,7
4927,9
4928,4
4929,7
4930,7
4931,3
4932,1
4933,8
4934,1
4935,1
4936,9
4937,4
4938,9
4939,4
4940,7
4941,9
4942,9
4943,9
4944,3
4945,6
4946,4
4947,1
4948,4
4949,2
4950,9
4951,1
4952,6
4953,1
4954,3
4955,8
4956,8
4957,4
4958,1
4959,0
4960,7
4961,8
4962,0
4963,5
4964,2
4965,8
4966,1
4967,2
4968,4
4969,0
4970,4
4971,1
4972,2
4973,2
4974,8
4975,6
4976,9
4977,9
4978,7
4979,2
4980,8
4981,4
4982,4
4983,5
4984,0
4985,7
4986,3
4987,7
4988,7
4989,9
4990,9
4991,0
4992,8
4993,0
4994,7
4995,0
4996,4
4997,2
4998,2
4999,8
